Label	Count (N=27,847)	%
248	1891	6.79
273	1823	6.55
175	1337	4.80
245	868	3.12
249	720	2.59
282	720	2.59
220	474	1.70
213	435	1.56
179	432	1.55
176	396	1.42
278	331	1.19
158	329	1.18
157	315	1.13
280	306	1.10
196	292	1.05
244	281	1.01
266	279	1.00
151	272	0.98
163	269	0.97
241	269	0.97
135	268	0.96
285	267	0.96
193	264	0.95
237	255	0.92
242	238	0.85
234	235	0.84
238	235	0.84
173	234	0.84
152	224	0.80
132	220	0.79
272	211	0.76
281	207	0.74
205	203	0.73
195	197	0.71
275	194	0.70
141	193	0.69
236	182	0.65
286	176	0.63
306	173	0.62
258	171	0.61
246	168	0.60
239	165	0.59
161	152	0.55
194	152	0.55
159	148	0.53
192	146	0.52
216	146	0.52
177	136	0.49
156	135	0.48
138	134	0.48
146	132	0.47
250	132	0.47
154	131	0.47
155	131	0.47
215	128	0.46
283	124	0.45
214	120	0.43
255	118	0.42
274	118	0.42
277	116	0.42
342	116	0.42
270	114	0.41
251	112	0.40
190	108	0.39
209	107	0.38
181	106	0.38
259	106	0.38
271	106	0.38
126	102	0.37
294	102	0.37
144	99	0.36
178	99	0.36
143	97	0.35
279	97	0.35
164	96	0.34
136	96	0.34
298	95	0.34
168	93	0.33
247	92	0.33
167	91	0.33
276	90	0.32
267	87	0.31
172	86	0.31
130	84	0.30
204	82	0.29
240	82	0.29
110	82	0.29
145	80	0.29
174	76	0.27
287	75	0.27
162	73	0.26
165	73	0.26
153	70	0.25
232	70	0.25
254	70	0.25
252	69	0.25
257	69	0.25
171	68	0.24
235	68	0.24
127	68	0.24
166	67	0.24
134	66	0.24
218	64	0.23
290	63	0.23
131	63	0.23
139	63	0.23
211	61	0.22
133	61	0.22
199	60	0.22
224	60	0.22
265	60	0.22
197	59	0.21
243	59	0.21
317	58	0.21
184	56	0.20
180	54	0.19
187	54	0.19
191	54	0.19
202	54	0.19
125	54	0.19
140	53	0.19
198	53	0.19
262	52	0.19
293	52	0.19
160	51	0.18
147	50	0.18
301	50	0.18
203	49	0.18
212	49	0.18
253	49	0.18
142	48	0.17
228	48	0.17
291	48	0.17
331	48	0.17
221	47	0.17
256	47	0.17
208	46	0.17
149	45	0.16
183	45	0.16
229	45	0.16
219	44	0.16
284	44	0.16
170	42	0.15
217	41	0.15
261	41	0.15
148	40	0.14
169	40	0.14
305	40	0.14
137	40	0.14
264	39	0.14
233	38	0.14
260	38	0.14
269	38	0.14
337	38	0.14
113	37	0.13
150	36	0.13
222	36	0.13
230	36	0.13
201	35	0.13
296	35	0.13
189	34	0.12
226	33	0.12
292	33	0.12
300	33	0.12
227	32	0.11
295	31	0.11
225	30	0.11
91	30	0.11
207	29	0.10
128	29	0.10
182	28	0.10
104	28	0.10
185	27	0.10
200	27	0.10
210	27	0.10
231	27	0.10
289	27	0.10
307	27	0.10
206	26	0.09
111	26	0.09
288	26	0.09
302	26	0.09
263	24	0.09
53	24	0.09
129	24	0.09
339	24	0.09
223	23	0.08
268	23	0.08
105	23	0.08
107	23	0.08
120	23	0.08
304	23	0.08
62	22	0.08
299	22	0.08
186	21	0.08
100	21	0.08
297	21	0.08
303	19	0.07
89	18	0.06
72	17	0.06
98	17	0.06
124	17	0.06
47	16	0.06
106	16	0.06
112	16	0.06
312	16	0.06
316	16	0.06
319	16	0.06
320	16	0.06
188	15	0.05
56	15	0.05
73	15	0.05
108	15	0.05
117	15	0.05
325	15	0.05
46	14	0.05
68	14	0.05
82	14	0.05
83	14	0.05
88	14	0.05
343	14	0.05
52	14	0.05
84	13	0.05
94	13	0.05
109	13	0.05
326	13	0.05
327	13	0.05
330	13	0.05
103	13	0.05
11	12	0.04
308	12	0.04
318	12	0.04
324	12	0.04
328	12	0.04
332	12	0.04
33	11	0.04
49	11	0.04
69	11	0.04
85	11	0.04
101	11	0.04
102	11	0.04
122	11	0.04
309	11	0.04
349	11	0.04
336	11	0.04
35	10	0.04
54	10	0.04
67	10	0.04
74	10	0.04
76	10	0.04
90	10	0.04
96	10	0.04
313	10	0.04
341	10	0.04
51	10	0.04
60	9	0.03
71	9	0.03
75	9	0.03
92	9	0.03
119	9	0.03
314	9	0.03
315	9	0.03
321	9	0.03
322	9	0.03
41	8	0.03
59	8	0.03
63	8	0.03
77	8	0.03
115	8	0.03
116	8	0.03
118	8	0.03
121	8	0.03
323	8	0.03
347	8	0.03
31	7	0.03
79	7	0.03
99	7	0.03
311	7	0.03
329	7	0.03
334	7	0.03
338	7	0.03
36	6	0.02
38	6	0.02
43	6	0.02
58	6	0.02
65	6	0.02
80	6	0.02
87	6	0.02
93	6	0.02
97	6	0.02
114	6	0.02
310	6	0.02
344	6	0.02
348	6	0.02
27	5	0.02
37	5	0.02
44	5	0.02
48	5	0.02
61	5	0.02
78	5	0.02
81	5	0.02
86	5	0.02
95	5	0.02
123	5	0.02
346	5	0.02
354	5	0.02
361	5	0.02
34	4	0.01
45	4	0.01
335	4	0.01
340	4	0.01
356	4	0.01
50	4	0.01
333	4	0.01
5	3	0.01
17	3	0.01
28	3	0.01
40	3	0.01
66	3	0.01
70	3	0.01
358	3	0.01
363	3	0.01
364	3	0.01
392	3	0.01
350	3	0.01
25	3	0.01
57	3	0.01
8	2	0.01
10	2	0.01
16	2	0.01
30	2	0.01
39	2	0.01
352	2	0.01
359	2	0.01
365	2	0.01
366	2	0.01
375	2	0.01
376	2	0.01
379	2	0.01
393	2	0.01
29	2	0.01
18	2	0.01
377	2	0.01
26	2	0.01
55	2	0.01
64	2	0.01
345	2	0.01
367	2	0.01
382	2	0.01
1	2	0.01
6	1	0.00
7	1	0.00
15	1	0.00
24	1	0.00
42	1	0.00
351	1	0.00
353	1	0.00
360	1	0.00
369	1	0.00
370	1	0.00
383	1	0.00
385	1	0.00
389	1	0.00
2	1	0.00
22	1	0.00
380	1	0.00
12	1	0.00
19	1	0.00
32	1	0.00
362	1	0.00
368	1	0.00
373	1	0.00
378	1	0.00
381	1	0.00
387	1	0.00
394	1	0.00
